[
{
    "fields": {
        "expire_date": "2017-10-09T20:48:12.549Z",
        "session_data": "ZDJlMWUwMjAwMThjODdmZDIyZGNjZGE3YmVkYTkxYTczZGVhMzY3Mjp7Il9hdXRoX3VzZXJfaGFzaCI6IjAyZDNjMTFmNGM3NDgxN2YzMzZhNjRkODVmYzk1MGM0NmY1Mzg5NjgiLCJfYXV0aF91c2VyX2JhY2tlbmQiOiJhY2NvdW50cy5iYWNrZW5kcy5FbWFpbEF1dGgiLCJfYXV0aF91c2VyX2lkIjoiMSJ9"
    },
    "model": "sessions.session",
    "pk": "044fdn4yv0l9jtcgnyxa8fa8vgp1fx1n"
},
{
    "fields": {
        "expire_date": "2017-10-10T21:03:06.533Z",
        "session_data": "ZDJlMWUwMjAwMThjODdmZDIyZGNjZGE3YmVkYTkxYTczZGVhMzY3Mjp7Il9hdXRoX3VzZXJfaGFzaCI6IjAyZDNjMTFmNGM3NDgxN2YzMzZhNjRkODVmYzk1MGM0NmY1Mzg5NjgiLCJfYXV0aF91c2VyX2JhY2tlbmQiOiJhY2NvdW50cy5iYWNrZW5kcy5FbWFpbEF1dGgiLCJfYXV0aF91c2VyX2lkIjoiMSJ9"
    },
    "model": "sessions.session",
    "pk": "jlo3201fwypkfdszym6bogb8y8iw2mwr"
},
{
    "fields": {
        "expire_date": "2017-10-04T21:13:26.565Z",
        "session_data": "M2VkYzI4YTYzZTExMTdiMGI5MzVhOTY1YTBhNWRkZmNmOTgwNDhjNTp7Il9hdXRoX3VzZXJfaGFzaCI6IjAyZDNjMTFmNGM3NDgxN2YzMzZhNjRkODVmYzk1MGM0NmY1Mzg5NjgiLCJfYXV0aF91c2VyX2JhY2tlbmQiOiJkamFuZ28uY29udHJpYi5hdXRoLmJhY2tlbmRzLk1vZGVsQmFja2VuZCIsIl9hdXRoX3VzZXJfaWQiOiIxIn0="
    },
    "model": "sessions.session",
    "pk": "p1e6zms9gxzozjksqcphxv5oel7dssa9"
},
{
    "fields": {
        "domain": "example.com",
        "name": "example.com"
    },
    "model": "sites.site",
    "pk": 2
},
{
    "fields": {
        "created_at": "2017-09-19T21:14:53.083Z",
        "last_name": "buyer",
        "shipping_method": "",
        "query": "txn_type=subscr_signup&subscr_id=I-X6T9PHF4F6E2&last_name=buyer&residence_country=GB&mc_currency=USD&item_name=Health+for+Women&business=aaron%40codeinstitute.net&amount3=5.00&recurring=1&verify_sign=An5ns1Kso7MWUdW4ErQKJJJ4qi4-AVOLjqmmKzc9O2fbB9xALMovJX9x&payer_status=verified&test_ipn=1&payer_email=tatjanagkolhapure-buyer%40gmail.com&first_name=test&receiver_email=aaron%40codeinstitute.net&payer_id=AS6BHJ2XZTEU4&invoice=9011d9b1-45fd-423a-bdcf-1947c9e6b7bf&reattempt=1&subscr_date=14%3A14%3A33+Sep+19%2C+2017+PDT&custom=1-2&charset=windows-1252&notify_version=3.8&period3=1+M&mc_amount3=5.00&ipn_track_id=5612d84dba526",
        "outstanding_balance": null,
        "subscr_id": "I-X6T9PHF4F6E2",
        "auction_multi_item": null,
        "item_name": "Health for Women",
        "case_id": "",
        "mp_id": "",
        "address_name": "",
        "transaction_entity": "",
        "from_view": "",
        "auction_closing_date": null,
        "password": "",
        "auction_buyer_id": "",
        "address_country_code": "",
        "address_city": "",
        "address_status": "",
        "auth_exp": "",
        "payer_email": "tatjanagkolhapure-buyer@gmail.com",
        "mc_gross": null,
        "reattempt": "1",
        "reason_code": "",
        "remaining_settle": null,
        "invoice": "9011d9b1-45fd-423a-bdcf-1947c9e6b7bf",
        "address_state": "",
        "num_cart_items": null,
        "address_country": "",
        "payer_business_name": "",
        "first_name": "test",
        "mc_shipping": null,
        "flag_info": "",
        "for_auction": null,
        "profile_status": "",
        "item_number": "",
        "business": "aaron@codeinstitute.net",
        "settle_currency": "",
        "shipping": null,
        "amount": null,
        "currency_code": "",
        "txn_id": "",
        "payment_status": "",
        "payment_gross": null,
        "retry_at": null,
        "exchange_rate": null,
        "residence_country": "GB",
        "payer_status": "verified",
        "address_street": "",
        "initial_payment_amount": null,
        "auth_amount": null,
        "custom": "1-2",
        "notify_version": "3.80",
        "period_type": "",
        "settle_amount": null,
        "recurring": "1",
        "pending_reason": "",
        "username": "",
        "memo": "",
        "payer_id": "AS6BHJ2XZTEU4",
        "flag": false,
        "mc_handling": null,
        "address_zip": "",
        "mc_fee": null,
        "payment_type": "",
        "amount1": null,
        "recurring_payment_id": "",
        "protection_eligibility": "",
        "receiver_email": "aaron@codeinstitute.net",
        "tax": null,
        "updated_at": "2017-09-19T21:14:53.164Z",
        "time_created": null,
        "mc_currency": "USD",
        "option_name1": "",
        "subscr_date": "2017-09-19T13:14:33Z",
        "option_name2": "",
        "txn_type": "subscr_signup",
        "recur_times": null,
        "auth_status": "",
        "auth_id": "",
        "rp_invoice_id": "",
        "payment_cycle": "",
        "subscr_effective": null,
        "charset": "windows-1252",
        "parent_txn_id": "",
        "handling_amount": null,
        "transaction_subject": "",
        "contact_phone": "",
        "product_name": "",
        "test_ipn": true,
        "receiver_id": "",
        "payment_date": null,
        "amount_per_cycle": null,
        "period2": "",
        "period3": "1 M",
        "period1": "",
        "verify_sign": "An5ns1Kso7MWUdW4ErQKJJJ4qi4-AVOLjqmmKzc9O2fbB9xALMovJX9x",
        "flag_code": "",
        "ipaddress": "127.0.0.1",
        "response": "VERIFIED",
        "product_type": "",
        "receipt_id": "",
        "amount3": "5.00",
        "amount2": null,
        "next_payment_date": null,
        "mc_amount3": "5.00",
        "mc_amount2": null,
        "mc_amount1": null,
        "case_creation_date": null,
        "case_type": "",
        "quantity": null
    },
    "model": "ipn.paypalipn",
    "pk": 1
},
{
    "fields": {
        "created_at": "2017-09-19T21:15:07.474Z",
        "last_name": "buyer",
        "shipping_method": "",
        "query": "transaction_subject=Health+for+Women&payment_date=14%3A14%3A37+Sep+19%2C+2017+PDT&txn_type=subscr_payment&subscr_id=I-X6T9PHF4F6E2&last_name=buyer&residence_country=GB&item_name=Health+for+Women&payment_gross=5.00&mc_currency=USD&business=aaron%40codeinstitute.net&payment_type=instant&protection_eligibility=Ineligible&verify_sign=AFcWxV21C7fd0v3bYYYRCpSSRl31AS06nnpr0poZZwYGzJVUmLUUCTYa&payer_status=verified&test_ipn=1&payer_email=tatjanagkolhapure-buyer%40gmail.com&txn_id=26611860TY176781G&receiver_email=aaron%40codeinstitute.net&first_name=test&invoice=9011d9b1-45fd-423a-bdcf-1947c9e6b7bf&payer_id=AS6BHJ2XZTEU4&receiver_id=AEBZRZJMQ69ZU&payment_status=Completed&payment_fee=0.50&mc_fee=0.50&mc_gross=5.00&custom=1-2&charset=windows-1252&notify_version=3.8&ipn_track_id=5612d84dba526",
        "outstanding_balance": null,
        "subscr_id": "I-X6T9PHF4F6E2",
        "auction_multi_item": null,
        "item_name": "Health for Women",
        "case_id": "",
        "mp_id": "",
        "address_name": "",
        "transaction_entity": "",
        "from_view": "",
        "auction_closing_date": null,
        "password": "",
        "auction_buyer_id": "",
        "address_country_code": "",
        "address_city": "",
        "address_status": "",
        "auth_exp": "",
        "payer_email": "tatjanagkolhapure-buyer@gmail.com",
        "mc_gross": "5.00",
        "reattempt": "",
        "reason_code": "",
        "remaining_settle": null,
        "invoice": "9011d9b1-45fd-423a-bdcf-1947c9e6b7bf",
        "address_state": "",
        "num_cart_items": null,
        "address_country": "",
        "payer_business_name": "",
        "first_name": "test",
        "mc_shipping": null,
        "flag_info": "",
        "for_auction": null,
        "profile_status": "",
        "item_number": "",
        "business": "aaron@codeinstitute.net",
        "settle_currency": "",
        "shipping": null,
        "amount": null,
        "currency_code": "",
        "txn_id": "26611860TY176781G",
        "payment_status": "Completed",
        "payment_gross": "5.00",
        "retry_at": null,
        "exchange_rate": null,
        "residence_country": "GB",
        "payer_status": "verified",
        "address_street": "",
        "initial_payment_amount": null,
        "auth_amount": null,
        "custom": "1-2",
        "notify_version": "3.80",
        "period_type": "",
        "settle_amount": null,
        "recurring": "",
        "pending_reason": "",
        "username": "",
        "memo": "",
        "payer_id": "AS6BHJ2XZTEU4",
        "flag": false,
        "mc_handling": null,
        "address_zip": "",
        "mc_fee": "0.50",
        "payment_type": "instant",
        "amount1": null,
        "recurring_payment_id": "",
        "protection_eligibility": "Ineligible",
        "receiver_email": "aaron@codeinstitute.net",
        "tax": null,
        "updated_at": "2017-09-19T21:15:07.572Z",
        "time_created": null,
        "mc_currency": "USD",
        "option_name1": "",
        "subscr_date": null,
        "option_name2": "",
        "txn_type": "subscr_payment",
        "recur_times": null,
        "auth_status": "",
        "auth_id": "",
        "rp_invoice_id": "",
        "payment_cycle": "",
        "subscr_effective": null,
        "charset": "windows-1252",
        "parent_txn_id": "",
        "handling_amount": null,
        "transaction_subject": "Health for Women",
        "contact_phone": "",
        "product_name": "",
        "test_ipn": true,
        "receiver_id": "AEBZRZJMQ69ZU",
        "payment_date": "2017-09-19T13:14:37Z",
        "amount_per_cycle": null,
        "period2": "",
        "period3": "",
        "period1": "",
        "verify_sign": "AFcWxV21C7fd0v3bYYYRCpSSRl31AS06nnpr0poZZwYGzJVUmLUUCTYa",
        "flag_code": "",
        "ipaddress": "127.0.0.1",
        "response": "VERIFIED",
        "product_type": "",
        "receipt_id": "",
        "amount3": null,
        "amount2": null,
        "next_payment_date": null,
        "mc_amount3": null,
        "mc_amount2": null,
        "mc_amount1": null,
        "case_creation_date": null,
        "case_type": "",
        "quantity": null
    },
    "model": "ipn.paypalipn",
    "pk": 2
},
{
    "fields": {
        "created_at": "2017-09-19T21:15:20.561Z",
        "last_name": "buyer",
        "shipping_method": "",
        "query": "transaction_subject=Health+for+Women&payment_date=14%3A14%3A37+Sep+19%2C+2017+PDT&txn_type=subscr_payment&subscr_id=I-X6T9PHF4F6E2&last_name=buyer&residence_country=GB&item_name=Health+for+Women&payment_gross=5.00&mc_currency=USD&business=aaron%40codeinstitute.net&payment_type=instant&protection_eligibility=Ineligible&verify_sign=AFcWxV21C7fd0v3bYYYRCpSSRl31AS06nnpr0poZZwYGzJVUmLUUCTYa&payer_status=verified&test_ipn=1&payer_email=tatjanagkolhapure-buyer%40gmail.com&txn_id=26611860TY176781G&receiver_email=aaron%40codeinstitute.net&first_name=test&invoice=9011d9b1-45fd-423a-bdcf-1947c9e6b7bf&payer_id=AS6BHJ2XZTEU4&receiver_id=AEBZRZJMQ69ZU&payment_status=Completed&payment_fee=0.50&mc_fee=0.50&mc_gross=5.00&custom=1-2&charset=windows-1252&notify_version=3.8&ipn_track_id=5612d84dba526",
        "outstanding_balance": null,
        "subscr_id": "I-X6T9PHF4F6E2",
        "auction_multi_item": null,
        "item_name": "Health for Women",
        "case_id": "",
        "mp_id": "",
        "address_name": "",
        "transaction_entity": "",
        "from_view": "",
        "auction_closing_date": null,
        "password": "",
        "auction_buyer_id": "",
        "address_country_code": "",
        "address_city": "",
        "address_status": "",
        "auth_exp": "",
        "payer_email": "tatjanagkolhapure-buyer@gmail.com",
        "mc_gross": "5.00",
        "reattempt": "",
        "reason_code": "",
        "remaining_settle": null,
        "invoice": "9011d9b1-45fd-423a-bdcf-1947c9e6b7bf",
        "address_state": "",
        "num_cart_items": null,
        "address_country": "",
        "payer_business_name": "",
        "first_name": "test",
        "mc_shipping": null,
        "flag_info": "Duplicate txn_id. (26611860TY176781G)",
        "for_auction": null,
        "profile_status": "",
        "item_number": "",
        "business": "aaron@codeinstitute.net",
        "settle_currency": "",
        "shipping": null,
        "amount": null,
        "currency_code": "",
        "txn_id": "26611860TY176781G",
        "payment_status": "Completed",
        "payment_gross": "5.00",
        "retry_at": null,
        "exchange_rate": null,
        "residence_country": "GB",
        "payer_status": "verified",
        "address_street": "",
        "initial_payment_amount": null,
        "auth_amount": null,
        "custom": "1-2",
        "notify_version": "3.80",
        "period_type": "",
        "settle_amount": null,
        "recurring": "",
        "pending_reason": "",
        "username": "",
        "memo": "",
        "payer_id": "AS6BHJ2XZTEU4",
        "flag": true,
        "mc_handling": null,
        "address_zip": "",
        "mc_fee": "0.50",
        "payment_type": "instant",
        "amount1": null,
        "recurring_payment_id": "",
        "protection_eligibility": "Ineligible",
        "receiver_email": "aaron@codeinstitute.net",
        "tax": null,
        "updated_at": "2017-09-19T21:15:20.644Z",
        "time_created": null,
        "mc_currency": "USD",
        "option_name1": "",
        "subscr_date": null,
        "option_name2": "",
        "txn_type": "subscr_payment",
        "recur_times": null,
        "auth_status": "",
        "auth_id": "",
        "rp_invoice_id": "",
        "payment_cycle": "",
        "subscr_effective": null,
        "charset": "windows-1252",
        "parent_txn_id": "",
        "handling_amount": null,
        "transaction_subject": "Health for Women",
        "contact_phone": "",
        "product_name": "",
        "test_ipn": true,
        "receiver_id": "AEBZRZJMQ69ZU",
        "payment_date": "2017-09-19T13:14:37Z",
        "amount_per_cycle": null,
        "period2": "",
        "period3": "",
        "period1": "",
        "verify_sign": "AFcWxV21C7fd0v3bYYYRCpSSRl31AS06nnpr0poZZwYGzJVUmLUUCTYa",
        "flag_code": "",
        "ipaddress": "127.0.0.1",
        "response": "VERIFIED",
        "product_type": "",
        "receipt_id": "",
        "amount3": null,
        "amount2": null,
        "next_payment_date": null,
        "mc_amount3": null,
        "mc_amount2": null,
        "mc_amount1": null,
        "case_creation_date": null,
        "case_type": "",
        "quantity": null
    },
    "model": "ipn.paypalipn",
    "pk": 3
},
{
    "fields": {
        "created_at": "2017-09-19T21:22:07.452Z",
        "last_name": "buyer",
        "shipping_method": "",
        "query": "transaction_subject=Health+for+Women&payment_date=14%3A14%3A37+Sep+19%2C+2017+PDT&txn_type=subscr_payment&subscr_id=I-X6T9PHF4F6E2&last_name=buyer&residence_country=GB&item_name=Health+for+Women&payment_gross=5.00&mc_currency=USD&business=aaron%40codeinstitute.net&payment_type=instant&protection_eligibility=Ineligible&verify_sign=AFcWxV21C7fd0v3bYYYRCpSSRl31AS06nnpr0poZZwYGzJVUmLUUCTYa&payer_status=verified&test_ipn=1&payer_email=tatjanagkolhapure-buyer%40gmail.com&txn_id=26611860TY176781G&receiver_email=aaron%40codeinstitute.net&first_name=test&invoice=9011d9b1-45fd-423a-bdcf-1947c9e6b7bf&payer_id=AS6BHJ2XZTEU4&receiver_id=AEBZRZJMQ69ZU&payment_status=Completed&payment_fee=0.50&mc_fee=0.50&mc_gross=5.00&custom=1-2&charset=windows-1252&notify_version=3.8&ipn_track_id=5612d84dba526",
        "outstanding_balance": null,
        "subscr_id": "I-X6T9PHF4F6E2",
        "auction_multi_item": null,
        "item_name": "Health for Women",
        "case_id": "",
        "mp_id": "",
        "address_name": "",
        "transaction_entity": "",
        "from_view": "",
        "auction_closing_date": null,
        "password": "",
        "auction_buyer_id": "",
        "address_country_code": "",
        "address_city": "",
        "address_status": "",
        "auth_exp": "",
        "payer_email": "tatjanagkolhapure-buyer@gmail.com",
        "mc_gross": "5.00",
        "reattempt": "",
        "reason_code": "",
        "remaining_settle": null,
        "invoice": "9011d9b1-45fd-423a-bdcf-1947c9e6b7bf",
        "address_state": "",
        "num_cart_items": null,
        "address_country": "",
        "payer_business_name": "",
        "first_name": "test",
        "mc_shipping": null,
        "flag_info": "Duplicate txn_id. (26611860TY176781G)",
        "for_auction": null,
        "profile_status": "",
        "item_number": "",
        "business": "aaron@codeinstitute.net",
        "settle_currency": "",
        "shipping": null,
        "amount": null,
        "currency_code": "",
        "txn_id": "26611860TY176781G",
        "payment_status": "Completed",
        "payment_gross": "5.00",
        "retry_at": null,
        "exchange_rate": null,
        "residence_country": "GB",
        "payer_status": "verified",
        "address_street": "",
        "initial_payment_amount": null,
        "auth_amount": null,
        "custom": "1-2",
        "notify_version": "3.80",
        "period_type": "",
        "settle_amount": null,
        "recurring": "",
        "pending_reason": "",
        "username": "",
        "memo": "",
        "payer_id": "AS6BHJ2XZTEU4",
        "flag": true,
        "mc_handling": null,
        "address_zip": "",
        "mc_fee": "0.50",
        "payment_type": "instant",
        "amount1": null,
        "recurring_payment_id": "",
        "protection_eligibility": "Ineligible",
        "receiver_email": "aaron@codeinstitute.net",
        "tax": null,
        "updated_at": "2017-09-19T21:22:07.525Z",
        "time_created": null,
        "mc_currency": "USD",
        "option_name1": "",
        "subscr_date": null,
        "option_name2": "",
        "txn_type": "subscr_payment",
        "recur_times": null,
        "auth_status": "",
        "auth_id": "",
        "rp_invoice_id": "",
        "payment_cycle": "",
        "subscr_effective": null,
        "charset": "windows-1252",
        "parent_txn_id": "",
        "handling_amount": null,
        "transaction_subject": "Health for Women",
        "contact_phone": "",
        "product_name": "",
        "test_ipn": true,
        "receiver_id": "AEBZRZJMQ69ZU",
        "payment_date": "2017-09-19T13:14:37Z",
        "amount_per_cycle": null,
        "period2": "",
        "period3": "",
        "period1": "",
        "verify_sign": "AFcWxV21C7fd0v3bYYYRCpSSRl31AS06nnpr0poZZwYGzJVUmLUUCTYa",
        "flag_code": "",
        "ipaddress": "127.0.0.1",
        "response": "VERIFIED",
        "product_type": "",
        "receipt_id": "",
        "amount3": null,
        "amount2": null,
        "next_payment_date": null,
        "mc_amount3": null,
        "mc_amount2": null,
        "mc_amount1": null,
        "case_creation_date": null,
        "case_type": "",
        "quantity": null
    },
    "model": "ipn.paypalipn",
    "pk": 4
},
{
    "fields": {
        "username": "tatjanagkolhapure@gmail.com",
        "first_name": "",
        "last_name": "",
        "is_active": true,
        "is_superuser": true,
        "is_staff": true,
        "last_login": "2017-09-26T21:03:06.481Z",
        "groups": [],
        "user_permissions": [],
        "password": "pbkdf2_sha256$20000$udKcTTVVIErx$gKxuDcFPswiBLys267ByanOcO9J0J5u4hvUywZKJL3M=",
        "email": "tatjanagkolhapure@gmail.com",
        "date_joined": "2017-09-18T20:34:21.035Z"
    },
    "model": "accounts.user",
    "pk": 1
},
{
    "fields": {
        "username": "test@test.com",
        "first_name": "",
        "last_name": "",
        "is_active": true,
        "is_superuser": false,
        "is_staff": false,
        "last_login": "2017-09-19T21:12:51.067Z",
        "groups": [],
        "user_permissions": [],
        "password": "pbkdf2_sha256$20000$RlcSa8fICwsM$NxaW+v49HuU6JHYmvUI+LvU8jD2dDpi33NDZgtQetWo=",
        "email": "test@test.com",
        "date_joined": "2017-09-19T21:12:36.232Z"
    },
    "model": "accounts.user",
    "pk": 2
},
{
    "fields": {
        "username": "forum_admin@forum.com",
        "first_name": "",
        "last_name": "",
        "is_active": true,
        "is_superuser": false,
        "is_staff": false,
        "last_login": "2017-09-24T12:38:31.670Z",
        "groups": [],
        "user_permissions": [],
        "password": "pbkdf2_sha256$20000$dJvowWZu5xcd$0hSSD9H7PbBHOlxQr0HhiEg+mzmmw4Kbgcx3XLnodHM=",
        "email": "forum_admin@forum.com",
        "date_joined": "2017-09-24T12:38:23.592Z"
    },
    "model": "accounts.user",
    "pk": 3
},
{
    "fields": {
        "price": "5.00",
        "name": "White T Shirt for Men",
        "description": "Sleeveless white T shirt for men"
    },
    "model": "products.product",
    "pk": 1
},
{
    "fields": {
        "price": "15.00",
        "name": "Skater Dress",
        "description": "Red skater dress for women"
    },
    "model": "products.product",
    "pk": 2
},
{
    "fields": {
        "price": "5.00",
        "name": "Health for Women",
        "description": "Magazine about healthy lifestyle for women"
    },
    "model": "magazines.magazine",
    "pk": 1
},
{
    "fields": {
        "price": "5.00",
        "name": "Health for Men",
        "description": "Magazine about healthy lifestyle for men"
    },
    "model": "magazines.magazine",
    "pk": 2
},
{
    "fields": {
        "magazine": 1,
        "user": [
            "test@test.com"
        ],
        "subscription_end": "2017-09-19T21:14:53.341Z"
    },
    "model": "magazines.purchase",
    "pk": 1
},
{
    "fields": {
        "magazine": 1,
        "user": [
            "test@test.com"
        ],
        "subscription_end": "2017-10-17T21:15:07.654Z"
    },
    "model": "magazines.purchase",
    "pk": 2
},
{
    "fields": {
        "name": "Food",
        "description": "<p>Posts about food</p>"
    },
    "model": "threads.subject",
    "pk": 1
},
{
    "fields": {
        "name": "Sport",
        "description": "<p>Posts about sport</p>"
    },
    "model": "threads.subject",
    "pk": 2
},
{
    "fields": {
        "name": "News",
        "description": "<p>News posts</p>"
    },
    "model": "threads.subject",
    "pk": 3
},
{
    "fields": {
        "created_at": "2017-09-23T17:48:27Z",
        "subject": 1,
        "name": "Indian cooking",
        "user": [
            "tatjanagkolhapure@gmail.com"
        ]
    },
    "model": "threads.thread",
    "pk": 1
},
{
    "fields": {
        "created_at": "2017-09-23T17:49:02Z",
        "subject": 2,
        "name": "Motorbiking",
        "user": [
            "tatjanagkolhapure@gmail.com"
        ]
    },
    "model": "threads.thread",
    "pk": 2
},
{
    "fields": {
        "created_at": "2017-09-23T17:49:13Z",
        "subject": 3,
        "name": "Brexit",
        "user": [
            "tatjanagkolhapure@gmail.com"
        ]
    },
    "model": "threads.thread",
    "pk": 3
},
{
    "fields": {
        "created_at": "2017-09-24T12:42:37.935Z",
        "subject": 1,
        "name": "Thai cooking",
        "user": [
            "forum_admin@forum.com"
        ]
    },
    "model": "threads.thread",
    "pk": 4
},
{
    "fields": {
        "created_at": "2017-09-24T16:05:13.083Z",
        "subject": 1,
        "name": "Chinese food",
        "user": [
            "tatjanagkolhapure@gmail.com"
        ]
    },
    "model": "threads.thread",
    "pk": 5
},
{
    "fields": {
        "created_at": "2017-09-24T16:18:36.177Z",
        "subject": 2,
        "name": "Swimming",
        "user": [
            "tatjanagkolhapure@gmail.com"
        ]
    },
    "model": "threads.thread",
    "pk": 6
},
{
    "fields": {
        "created_at": "2017-09-24T17:06:51.155Z",
        "subject": 3,
        "name": "Trump",
        "user": [
            "tatjanagkolhapure@gmail.com"
        ]
    },
    "model": "threads.thread",
    "pk": 7
},
{
    "fields": {
        "created_at": "2017-09-24T17:07:48.174Z",
        "subject": 3,
        "name": "North Korea",
        "user": [
            "tatjanagkolhapure@gmail.com"
        ]
    },
    "model": "threads.thread",
    "pk": 8
},
{
    "fields": {
        "created_at": "2017-09-24T17:09:06.937Z",
        "subject": 2,
        "name": "Formula 1",
        "user": [
            "tatjanagkolhapure@gmail.com"
        ]
    },
    "model": "threads.thread",
    "pk": 9
},
{
    "fields": {
        "created_at": "2017-09-24T17:13:14.006Z",
        "subject": 2,
        "name": "Olympic Games",
        "user": [
            "tatjanagkolhapure@gmail.com"
        ]
    },
    "model": "threads.thread",
    "pk": 10
},
{
    "fields": {
        "comment": "<p><span style=\"font-family: 'Open Sans', Arial, sans-serif; font-size: 14px; text-align: justify;\">Curabitur vestibulum bibendum sem vitae luctus. Proin nec dolor lorem. Proin sit amet nulla suscipit velit ornare aliquet. Sed tincidunt ex ac arcu tincidunt mattis. Mauris pretium justo diam, at faucibus turpis placerat eu. Aenean cursus eleifend velit quis commodo. Ut fermentum mauris neque, vitae rhoncus ligula ultricies sollicitudin. Proin enim lectus, imperdiet id nibh quis, elementum laoreet lorem. Nulla mollis finibus imperdiet. Ut a sagittis nibh.</span></p>",
        "created_at": "2017-09-23T17:55:18Z",
        "user": [
            "tatjanagkolhapure@gmail.com"
        ],
        "thread": 1
    },
    "model": "threads.post",
    "pk": 1
},
{
    "fields": {
        "comment": "<p><span style=\"font-family: 'Open Sans', Arial, sans-serif; font-size: 14px; text-align: justify;\">Nulla eu dignissim dolor. Quisque sodales dignissim maximus. Sed sed malesuada urna, eget sodales erat. Proin a purus non odio tempor accumsan. Morbi blandit ultricies tellus ut placerat. Mauris orci lorem, pulvinar ut libero ut, ultrices aliquam ipsum. Lorem ipsum dolor sit amet, consectetur adipiscing elit. Nam commodo nulla sem, ac dictum orci dictum in.</span></p>",
        "created_at": "2017-09-23T17:55:45Z",
        "user": [
            "tatjanagkolhapure@gmail.com"
        ],
        "thread": 2
    },
    "model": "threads.post",
    "pk": 2
},
{
    "fields": {
        "comment": "<p><span style=\"font-family: 'Open Sans', Arial, sans-serif; font-size: 14px; text-align: justify;\">Lorem ipsum dolor sit amet, consectetur adipiscing elit. Fusce ut hendrerit odio, sed efficitur nibh. Duis rutrum pulvinar dignissim. Praesent et rutrum nibh. Nulla lacus metus, tristique at lectus et, sollicitudin mollis odio. Ut elementum enim id nulla placerat tincidunt. Sed ornare enim elit, congue porta purus ultrices sed. Suspendisse vulputate ac neque eget sollicitudin. Donec vestibulum varius lacus, non porta eros facilisis nec. Curabitur id odio eu sem iaculis convallis. Vestibulum porta turpis est, at bibendum magna iaculis sit amet. Etiam venenatis in nibh auctor venenatis. Proin porta erat nisl.</span></p>",
        "created_at": "2017-09-23T17:56:04Z",
        "user": [
            "tatjanagkolhapure@gmail.com"
        ],
        "thread": 3
    },
    "model": "threads.post",
    "pk": 3
},
{
    "fields": {
        "comment": "<p>Lorem ipsum dolor sit amet, consectetur adipiscing elit, sed do eiusmod tempor incididunt ut labore et dolore magna aliqua. Ut enim ad minim veniam, quis nostrud exercitation ullamco laboris nisi ut aliquip ex ea commodo consequat. Duis aute irure dolor in reprehenderit in voluptate velit esse cillum dolore eu fugiat nulla pariatur. Excepteur sint occaecat cupidatat non proident, sunt in culpa qui officia deserunt mollit anim id est laborum.</p>",
        "created_at": "2017-09-24T12:42:08.961Z",
        "user": [
            "forum_admin@forum.com"
        ],
        "thread": 1
    },
    "model": "threads.post",
    "pk": 4
},
{
    "fields": {
        "comment": "<p>Sed arcu non odio euismod lacinia at quis risus sed. At lectus urna duis convallis convallis. Diam ut venenatis tellus in metus. Aliquam ultrices sagittis orci a scelerisque. Eget gravida cum sociis natoque penatibus et. Pharetra convallis posuere morbi leo urna molestie at elementum eu. Aliquam nulla facilisi cras fermentum odio eu feugiat pretium. Arcu vitae elementum curabitur vitae nunc sed velit. Faucibus a pellentesque sit amet porttitor eget dolor. Urna condimentum mattis pellentesque id nibh. Pellentesque eu tincidunt tortor aliquam nulla facilisi cras fermentum. Mi quis hendrerit dolor magna eget est lorem ipsum. Turpis massa tincidunt dui ut ornare lectus sit amet est.</p>",
        "created_at": "2017-09-24T12:42:37.935Z",
        "user": [
            "forum_admin@forum.com"
        ],
        "thread": 4
    },
    "model": "threads.post",
    "pk": 5
},
{
    "fields": {
        "comment": "<p>Congue nisi vitae suscipit tellus mauris a diam. Sit amet facilisis magna etiam. Etiam dignissim diam quis enim lobortis scelerisque fermentum. Volutpat blandit aliquam etiam erat velit scelerisque. Vivamus arcu felis bibendum ut. Nibh mauris cursus mattis molestie a iaculis at erat pellentesque. Imperdiet massa tincidunt nunc pulvinar sapien. Nibh praesent tristique magna sit amet purus. In aliquam sem fringilla ut morbi. Mauris pharetra et ultrices neque. Et malesuada fames ac turpis egestas maecenas pharetra convallis.</p>",
        "created_at": "2017-09-24T12:43:20.278Z",
        "user": [
            "forum_admin@forum.com"
        ],
        "thread": 4
    },
    "model": "threads.post",
    "pk": 6
},
{
    "fields": {
        "comment": "<p>Sit amet commodo nulla facilisi. Accumsan tortor posuere ac ut consequat. Condimentum mattis pellentesque id nibh tortor id aliquet lectus proin. Feugiat in fermentum posuere urna. Egestas tellus rutrum tellus pellentesque. Libero volutpat sed cras ornare arcu dui. Id venenatis a condimentum vitae sapien pellentesque habitant morbi tristique. Phasellus faucibus scelerisque eleifend donec. Est pellentesque elit ullamcorper dignissim cras tincidunt lobortis feugiat vivamus. Proin fermentum leo vel orci porta non pulvinar. Ultricies lacus sed turpis tincidunt id aliquet risus. Pellentesque dignissim enim sit amet venenatis urna cursus eget nunc. Sollicitudin tempor id eu nisl nunc mi ipsum faucibus vitae. Dictum non consectetur a erat nam at. Dui accumsan sit amet nulla facilisi morbi tempus. Volutpat diam ut venenatis tellus in metus. Sed turpis tincidunt id aliquet risus feugiat in. Molestie at elementum eu facilisis sed odio morbi quis.</p>",
        "created_at": "2017-09-24T16:05:13.083Z",
        "user": [
            "tatjanagkolhapure@gmail.com"
        ],
        "thread": 5
    },
    "model": "threads.post",
    "pk": 7
},
{
    "fields": {
        "comment": "<p>Non curabitur gravida arcu ac. Amet commodo nulla facilisi nullam vehicula. Feugiat in fermentum posuere urna nec tincidunt praesent semper feugiat. Integer malesuada nunc vel risus commodo viverra maecenas accumsan lacus. Elementum eu facilisis sed odio morbi quis. Elit duis tristique sollicitudin nibh sit amet commodo nulla. Luctus venenatis lectus magna fringilla. Sit amet facilisis magna etiam tempor orci. Cursus euismod quis viverra nibh cras pulvinar. Volutpat blandit aliquam etiam erat velit scelerisque. Nam libero justo laoreet sit amet. Dolor sit amet consectetur adipiscing elit ut aliquam purus sit.</p>",
        "created_at": "2017-09-24T16:18:36.177Z",
        "user": [
            "tatjanagkolhapure@gmail.com"
        ],
        "thread": 6
    },
    "model": "threads.post",
    "pk": 8
},
{
    "fields": {
        "comment": "<p>Lorem ipsum dolor sit amet, consectetur adipiscing elit, sed do eiusmod tempor incididunt ut labore et dolore magna aliqua. Nulla posuere sollicitudin aliquam ultrices sagittis orci a scelerisque. Vulputate sapien nec sagittis aliquam. Nibh praesent tristique magna sit amet purus gravida quis. Id aliquet risus feugiat in ante metus dictum. Risus nec feugiat in fermentum. In eu mi bibendum neque egestas congue. Dolor sit amet consectetur adipiscing elit pellentesque habitant morbi tristique. Aliquet bibendum enim facilisis gravida neque convallis. Ipsum a arcu cursus vitae congue mauris rhoncus aenean vel.</p>",
        "created_at": "2017-09-24T16:20:00.585Z",
        "user": [
            "tatjanagkolhapure@gmail.com"
        ],
        "thread": 6
    },
    "model": "threads.post",
    "pk": 9
},
{
    "fields": {
        "comment": "<p>Tellus cras adipiscing enim eu turpis. Arcu cursus euismod quis viverra nibh cras pulvinar mattis nunc. Fringilla est ullamcorper eget nulla facilisi etiam dignissim diam quis. Sodales ut eu sem integer. Tempus iaculis urna id volutpat lacus laoreet non curabitur gravida. Ut porttitor leo a diam. Risus at ultrices mi tempus imperdiet nulla. Ut ornare lectus sit amet. Odio facilisis mauris sit amet.&nbsp;</p>",
        "created_at": "2017-09-24T17:06:51.155Z",
        "user": [
            "tatjanagkolhapure@gmail.com"
        ],
        "thread": 7
    },
    "model": "threads.post",
    "pk": 10
},
{
    "fields": {
        "comment": "<p>Tellus cras adipiscing enim eu turpis. Arcu cursus euismod quis viverra nibh cras pulvinar mattis nunc. Fringilla est ullamcorper eget nulla facilisi etiam dignissim diam quis. Sodales ut eu sem integer. Tempus iaculis urna id volutpat lacus laoreet non curabitur gravida. Ut porttitor leo a diam. Risus at ultrices mi tempus imperdiet nulla. Ut ornare lectus sit amet. Odio facilisis mauris sit amet.&nbsp;</p>",
        "created_at": "2017-09-24T17:07:48.175Z",
        "user": [
            "tatjanagkolhapure@gmail.com"
        ],
        "thread": 8
    },
    "model": "threads.post",
    "pk": 11
},
{
    "fields": {
        "comment": "<p>Tellus cras adipiscing enim eu turpis. Arcu cursus euismod quis viverra nibh cras pulvinar mattis nunc. Fringilla est ullamcorper eget nulla facilisi etiam dignissim diam quis. Sodales ut eu sem integer. Tempus iaculis urna id volutpat lacus laoreet non curabitur gravida. Ut porttitor leo a diam. Risus at ultrices mi tempus imperdiet nulla. Ut ornare lectus sit amet. Odio facilisis mauris sit amet.&nbsp;</p>",
        "created_at": "2017-09-24T17:09:06.937Z",
        "user": [
            "tatjanagkolhapure@gmail.com"
        ],
        "thread": 9
    },
    "model": "threads.post",
    "pk": 12
},
{
    "fields": {
        "comment": "<p>Tellus cras adipiscing enim eu turpis. Arcu cursus euismod quis viverra nibh cras pulvinar mattis nunc. Fringilla est ullamcorper eget nulla facilisi etiam dignissim diam quis. Sodales ut eu sem integer. Tempus iaculis urna id volutpat lacus laoreet non curabitur gravida. Ut porttitor leo a diam. Risus at ultrices mi tempus imperdiet nulla. Ut ornare lectus sit amet. Odio facilisis mauris sit amet.&nbsp;</p>",
        "created_at": "2017-09-24T17:13:14.006Z",
        "user": [
            "tatjanagkolhapure@gmail.com"
        ],
        "thread": 10
    },
    "model": "threads.post",
    "pk": 13
},
{
    "fields": {
        "question": "Do you like Chinese food?",
        "thread": 5
    },
    "model": "polls.poll",
    "pk": 1
},
{
    "fields": {
        "question": "How often do you swim?",
        "thread": 6
    },
    "model": "polls.poll",
    "pk": 2
},
{
    "fields": {
        "poll": 1,
        "name": "Yes"
    },
    "model": "polls.pollsubject",
    "pk": 1
},
{
    "fields": {
        "poll": 1,
        "name": "No"
    },
    "model": "polls.pollsubject",
    "pk": 2
},
{
    "fields": {
        "poll": 1,
        "name": "Sometimes"
    },
    "model": "polls.pollsubject",
    "pk": 3
},
{
    "fields": {
        "poll": 2,
        "name": "Regularly"
    },
    "model": "polls.pollsubject",
    "pk": 4
},
{
    "fields": {
        "poll": 2,
        "name": "Sometimes"
    },
    "model": "polls.pollsubject",
    "pk": 5
},
{
    "fields": {
        "poll": 2,
        "name": "I do not swim"
    },
    "model": "polls.pollsubject",
    "pk": 6
},
{
    "fields": {
        "poll": 2,
        "user": [
            "tatjanagkolhapure@gmail.com"
        ],
        "subject": 5
    },
    "model": "polls.vote",
    "pk": 1
},
{
    "fields": {
        "poll": 1,
        "user": [
            "tatjanagkolhapure@gmail.com"
        ],
        "subject": 3
    },
    "model": "polls.vote",
    "pk": 2
},
{
    "fields": {
        "author": [
            "tatjanagkolhapure@gmail.com"
        ],
        "title": "My First Blog Post",
        "image": "images/60459_551380678236035_765051749_n_OToPfRd.jpg",
        "views": 66,
        "content": "Suspendisse mollis lacus non iaculis luctus. In in dui accumsan risus hendrerit maximus. Proin libero ante, eleifend at tempor ut, tincidunt id ante. Quisque dolor nulla, finibus non tristique eget, maximus sed quam. Ut diam justo, malesuada ac ullamcorper eu, finibus vel lorem. In pellentesque, magna non rutrum consequat, lectus sapien ultrices quam, sed hendrerit ante nulla sit amet leo. Vestibulum iaculis, ante tincidunt suscipit elementum, arcu ipsum porta orci, quis pharetra ipsum mi ac tortor. Cras sed elementum urna, id eleifend mi. Pellentesque libero nibh, tristique eu nisl id, gravida feugiat sapien. Vestibulum eget dapibus ipsum. Aliquam id metus orci. Aliquam pellentesque justo sed nulla varius, non gravida tortor auctor. In ullamcorper, diam vitae sodales feugiat, tellus neque tempus arcu, eu luctus tellus elit eget purus. Phasellus nec interdum lorem. Sed lacus eros, suscipit vitae massa ut, gravida gravida nisl.\r\n\r\nPellentesque laoreet dictum consequat. Morbi sed fringilla dui. Nulla dignissim sem in facilisis tempor. Cras ut suscipit arcu, vitae dictum quam. Integer laoreet pellentesque sagittis. Sed ultricies fermentum laoreet. Vestibulum ultrices tortor id elit mollis pellentesque. Praesent posuere nisi non dui dictum sollicitudin. Proin at lectus in dui porttitor tempor.\r\n\r\nSed nunc risus, mattis sit amet pharetra ut, imperdiet eu tellus. Nunc ullamcorper faucibus tellus, non convallis nunc rhoncus fermentum. Aenean quis pretium sem, a porta tellus. Maecenas ut sagittis nunc. Nulla tempor diam consequat velit dictum, ut aliquam ante finibus. Mauris pulvinar congue dictum. Etiam elementum hendrerit metus in hendrerit.",
        "tag": "horse",
        "published_date": "2017-09-26T21:15:48.889Z",
        "created_date": "2017-09-20T21:08:35.376Z"
    },
    "model": "reusable_blog.post",
    "pk": 1
},
{
    "fields": {
        "action_flag": 1,
        "action_time": "2017-09-18T20:52:42.878Z",
        "object_repr": "Health for Women",
        "object_id": "1",
        "change_message": "",
        "user": [
            "tatjanagkolhapure@gmail.com"
        ],
        "content_type": [
            "magazines",
            "magazine"
        ]
    },
    "model": "admin.logentry",
    "pk": 1
},
{
    "fields": {
        "action_flag": 1,
        "action_time": "2017-09-18T20:53:03.083Z",
        "object_repr": "Health for Men",
        "object_id": "2",
        "change_message": "",
        "user": [
            "tatjanagkolhapure@gmail.com"
        ],
        "content_type": [
            "magazines",
            "magazine"
        ]
    },
    "model": "admin.logentry",
    "pk": 2
},
{
    "fields": {
        "action_flag": 1,
        "action_time": "2017-09-19T20:41:47.378Z",
        "object_repr": "White T Shirt for Men",
        "object_id": "1",
        "change_message": "",
        "user": [
            "tatjanagkolhapure@gmail.com"
        ],
        "content_type": [
            "products",
            "product"
        ]
    },
    "model": "admin.logentry",
    "pk": 3
},
{
    "fields": {
        "action_flag": 1,
        "action_time": "2017-09-19T20:42:09.485Z",
        "object_repr": "Skater Dress",
        "object_id": "2",
        "change_message": "",
        "user": [
            "tatjanagkolhapure@gmail.com"
        ],
        "content_type": [
            "products",
            "product"
        ]
    },
    "model": "admin.logentry",
    "pk": 4
},
{
    "fields": {
        "action_flag": 2,
        "action_time": "2017-09-20T21:14:13.250Z",
        "object_repr": "My First Blog Post",
        "object_id": "1",
        "change_message": "Changed tag and image.",
        "user": [
            "tatjanagkolhapure@gmail.com"
        ],
        "content_type": [
            "reusable_blog",
            "post"
        ]
    },
    "model": "admin.logentry",
    "pk": 5
},
{
    "fields": {
        "action_flag": 1,
        "action_time": "2017-09-23T17:47:55.520Z",
        "object_repr": "Food",
        "object_id": "1",
        "change_message": "",
        "user": [
            "tatjanagkolhapure@gmail.com"
        ],
        "content_type": [
            "threads",
            "subject"
        ]
    },
    "model": "admin.logentry",
    "pk": 6
},
{
    "fields": {
        "action_flag": 1,
        "action_time": "2017-09-23T17:48:04.978Z",
        "object_repr": "Sport",
        "object_id": "2",
        "change_message": "",
        "user": [
            "tatjanagkolhapure@gmail.com"
        ],
        "content_type": [
            "threads",
            "subject"
        ]
    },
    "model": "admin.logentry",
    "pk": 7
},
{
    "fields": {
        "action_flag": 1,
        "action_time": "2017-09-23T17:48:12.226Z",
        "object_repr": "News",
        "object_id": "3",
        "change_message": "",
        "user": [
            "tatjanagkolhapure@gmail.com"
        ],
        "content_type": [
            "threads",
            "subject"
        ]
    },
    "model": "admin.logentry",
    "pk": 8
},
{
    "fields": {
        "action_flag": 2,
        "action_time": "2017-09-23T17:48:18.164Z",
        "object_repr": "Food",
        "object_id": "1",
        "change_message": "No fields changed.",
        "user": [
            "tatjanagkolhapure@gmail.com"
        ],
        "content_type": [
            "threads",
            "subject"
        ]
    },
    "model": "admin.logentry",
    "pk": 9
},
{
    "fields": {
        "action_flag": 1,
        "action_time": "2017-09-23T17:48:47.311Z",
        "object_repr": "Thread object",
        "object_id": "1",
        "change_message": "",
        "user": [
            "tatjanagkolhapure@gmail.com"
        ],
        "content_type": [
            "threads",
            "thread"
        ]
    },
    "model": "admin.logentry",
    "pk": 10
},
{
    "fields": {
        "action_flag": 1,
        "action_time": "2017-09-23T17:49:10.694Z",
        "object_repr": "Thread object",
        "object_id": "2",
        "change_message": "",
        "user": [
            "tatjanagkolhapure@gmail.com"
        ],
        "content_type": [
            "threads",
            "thread"
        ]
    },
    "model": "admin.logentry",
    "pk": 11
},
{
    "fields": {
        "action_flag": 1,
        "action_time": "2017-09-23T17:49:23.022Z",
        "object_repr": "Thread object",
        "object_id": "3",
        "change_message": "",
        "user": [
            "tatjanagkolhapure@gmail.com"
        ],
        "content_type": [
            "threads",
            "thread"
        ]
    },
    "model": "admin.logentry",
    "pk": 12
},
{
    "fields": {
        "action_flag": 1,
        "action_time": "2017-09-23T17:55:43.459Z",
        "object_repr": "Post object",
        "object_id": "1",
        "change_message": "",
        "user": [
            "tatjanagkolhapure@gmail.com"
        ],
        "content_type": [
            "threads",
            "post"
        ]
    },
    "model": "admin.logentry",
    "pk": 13
},
{
    "fields": {
        "action_flag": 1,
        "action_time": "2017-09-23T17:56:03.807Z",
        "object_repr": "Post object",
        "object_id": "2",
        "change_message": "",
        "user": [
            "tatjanagkolhapure@gmail.com"
        ],
        "content_type": [
            "threads",
            "post"
        ]
    },
    "model": "admin.logentry",
    "pk": 14
},
{
    "fields": {
        "action_flag": 1,
        "action_time": "2017-09-23T17:56:12.653Z",
        "object_repr": "Post object",
        "object_id": "3",
        "change_message": "",
        "user": [
            "tatjanagkolhapure@gmail.com"
        ],
        "content_type": [
            "threads",
            "post"
        ]
    },
    "model": "admin.logentry",
    "pk": 15
},
{
    "fields": {
        "action_flag": 2,
        "action_time": "2017-09-26T21:03:22.208Z",
        "object_repr": "My First Blog Post",
        "object_id": "1",
        "change_message": "Changed tag.",
        "user": [
            "tatjanagkolhapure@gmail.com"
        ],
        "content_type": [
            "reusable_blog",
            "post"
        ]
    },
    "model": "admin.logentry",
    "pk": 16
},
{
    "fields": {
        "action_flag": 2,
        "action_time": "2017-09-26T21:03:25.505Z",
        "object_repr": "My First Blog Post",
        "object_id": "1",
        "change_message": "No fields changed.",
        "user": [
            "tatjanagkolhapure@gmail.com"
        ],
        "content_type": [
            "reusable_blog",
            "post"
        ]
    },
    "model": "admin.logentry",
    "pk": 17
}
]
